Order,User 
15000,Amy Sullivan 
15001,Paige Dixon 
15002,Valeria Hamilton 
15003,Justin Robinson 
15004,Frederick Barnes 
15005,Lydia Kelly 
15006,Wilson Riley 
15007,Arthur Reed 
15008,Preston Nelson 
15009,Haris Watson 
15010,Sam Martin 
15011,Lucy Campbell 
15012,Adrian Wright 
15013,Chloe Smith 
15014,William Owens 
15015,Vivian Farrell 
15016,Brad Hamilton 
15017,Rosie Adams 
15018,Victoria Richardson 
15019,Michael Sullivan 
15020,Andrew Douglas 
15021,Ted Owens 
15022,Sawyer Andrews 
15023,Heather Russell 
15024,Edith Harper 
15025,Rosie Stevens 
15026,Jack Richardson 
15027,Paul Casey 
15028,Eddy Reed 
15029,Agata Mason 
15030,Vincent Gibson 
15031,Preston Stevens 
15032,Vanessa Morris 
15033,Alfred Russell 
15034,Julian Wright 
15035,William Edwards 
15036,Ashton Anderson 
15037,Carlos Russell 
15038,Catherine Johnston 
15039,Grace Robinson 
15040,Chester Dixon 
15041,Sophia Hunt 
15042,Isabella Johnston 
15043,Amelia Warren 
15044,Aldus Moore 
15045,Gianna Gibson 
15046,Clark West 
15047,Roman Wells 
15048,Vanessa Davis 
15049,Tara Anderson 
15050,Tony Wilson 
15051,Oliver Sullivan 
15052,Eleanor Ryan 
15053,Kate Thomas 
15054,Alexia Payne 
15055,Kirsten Edwards 
15056,Natalie Perkins 
15057,Ryan Mitchell 
15058,Ellia Turner 
15059,Kate Mason 
15060,Richard Fowler 
15061,Audrey Stevens 
15062,Deanna Williams 
15063,Daisy Harrison 
15064,Harold Robinson 
15065,Lucia Carroll 
15066,Bruce Harris 
15067,Arthur Carter 
15068,Aldus Baker 
15069,Sabrina Holmes 
15070,Haris Hamilton 
15071,Jordan Edwards 
15072,William Tucker 
15073,Miley Stevens 
15074,Miller Brooks 
15075,Kimberly Morris 
15076,Alisa Morgan 
15077,William Richardson 
15078,Vanessa Richards 
15079,Kevin Kelly 
15080,Alissa Wells 
15081,Tiana Kelley 
15082,Victor Farrell 
15083,Kelsey West 
15084,Daisy Perkins 
15085,Chester Johnson 
15086,Fiona Walker 
15087,Samantha Hill 
15088,Jack Sullivan 
15089,Frederick Phillips 
15090,Frederick Armstrong 
15091,Kelsey Brown 
15092,Kimberly Barnes 
15093,Carina Gibson 
15094,Naomi Morgan 
15095,Freddie Richards 
15096,Emma Wright 
15097,Natalie Ferguson 
15098,Briony Carter 
15099,Rosie Williams 
15100,Amy Sullivan 
15101,Alissa Wells 
15102,Sam Martin 
15103,Michael Sullivan 
15104,William Tucker 
15105,Haris Hamilton 
15106,William Richardson 
15107,Oliver Sullivan 
15108,Haris Watson 
15109,Sabrina Holmes 
15110,Ryan Mitchell 
15111,Aldus Moore 
15112,Justin Robinson 
15113,Natalie Perkins 
15114,Agata Mason 
15115,Haris Watson 
15116,Roman Wells 
15117,Ryan Mitchell 
15118,Amelia Warren 
15119,Kate Mason 
15120,Amelia Warren 
15121,Alissa Wells 
15122,Rosie Stevens 
15123,William Richardson 
15124,Paige Dixon 
15125,Edith Harper 
15126,Rosie Adams 
15127,Wilson Riley 
15128,Deanna Williams 
15129,Heather Russell 
15130,Ryan Mitchell 
15131,Vanessa Richards 
15132,Chester Dixon 
15133,Kelsey Brown 
15134,Lucia Carroll 
15135,Valeria Hamilton 
15136,Lucia Carroll 
15137,Wilson Riley 
15138,William Edwards 
15139,Ellia Turner 
15140,Vanessa Morris 
15141,Chester Johnson 
15142,Alfred Russell 
15143,Brad Hamilton 
15144,Samantha Hill 
15145,Grace Robinson 
15146,Amelia Warren 
15147,Alisa Morgan 
15148,Vivian Farrell 
15149,Ted Owens 
15150,Kelsey Brown 
15151,Alfred Russell 
15152,William Richardson 
15153,Agata Mason 
15154,Preston Nelson 
15155,Kimberly Morris 
15156,Roman Wells 
15157,Sabrina Holmes 
15158,Michael Sullivan 
15159,William Richardson 
15160,Gianna Gibson 
15161,Ellia Turner 
15162,Brad Hamilton 
15163,Kimberly Barnes 
15164,Frederick Phillips 
15165,Lydia Kelly 
15166,Vanessa Richards 
15167,Clark West 
15168,Preston Stevens 
15169,Fiona Walker 
15170,Oliver Sullivan 
15171,Agata Mason 
15172,Frederick Armstrong 
15173,Wilson Riley 
15174,Victor Farrell 
15175,Samantha Hill 
15176,Vanessa Morris 
15177,Michael Sullivan 
15178,Lydia Kelly 
15179,Alissa Wells 
15180,Haris Hamilton 
15181,Alexia Payne 
15182,Vanessa Morris 
15183,Kelsey West 
15184,Lucia Carroll 
15185,Paige Dixon 
15186,Arthur Carter 
15187,Adrian Wright 
15188,Kate Mason 
15189,William Richardson 
15190,Richard Fowler 
15191,Kate Thomas 
15192,Agata Mason 
15193,William Tucker 
15194,Naomi Morgan 
15195,Victor Farrell 
15196,Kelsey West 
15197,Natalie Ferguson 
15198,Miley Stevens 
15199,Preston Stevens 
15200,Frederick Phillips 
15201,Rosie Adams 
15202,Ashton Anderson 
15203,Haris Hamilton 
15204,Frederick Barnes 
15205,Alfred Russell 
15206,Brad Hamilton 
15207,Alfred Russell 
15208,Sawyer Andrews 
15209,Ellia Turner 
15210,Freddie Richards 
15211,Naomi Morgan 
15212,Frederick Phillips 
15213,Miley Stevens 
15214,Freddie Richards 
15215,Alisa Morgan 
15216,Briony Carter 
15217,Daisy Harrison 
15218,Kate Mason 
15219,Clark West 
15220,Adrian Wright 
15221,William Edwards 
15222,Alfred Russell 
15223,Chester Johnson 
15224,Frederick Armstrong 
15225,Samantha Hill 
15226,Frederick Phillips 
15227,Ashton Anderson 
15228,Daisy Perkins 
15229,Frederick Barnes 
15230,Lucia Carroll 
15231,Roman Wells 
15232,Tony Wilson 
15233,William Owens 
15234,Catherine Johnston 
15235,Eddy Reed 
15236,Frederick Armstrong 
15237,Julian Wright 
15238,Grace Robinson 
15239,Paul Casey 
15240,Tara Anderson 
15241,Chloe Smith 
15242,Agata Mason 
15243,Victoria Richardson 
15244,Emma Wright 
15245,Haris Watson 
15246,Bruce Harris 
15247,Naomi Morgan 
15248,Haris Hamilton 
15249,Richard Fowler 
15250,Preston Stevens 
15251,Ryan Mitchell 
15252,Alfred Russell 
15253,Chester Johnson 
15254,Natalie Ferguson 
15255,Paul Casey 
15256,Carina Gibson 
15257,Kimberly Barnes 
15258,Ted Owens 
15259,Rosie Adams 
15260,Oliver Sullivan 
15261,Tara Anderson 
15262,Grace Robinson 
15263,Rosie Adams 
15264,Emma Wright 
15265,Aldus Moore 
15266,Natalie Perkins 
15267,William Edwards 
15268,Justin Robinson 
15269,Rosie Adams 
15270,Lucia Carroll 
15271,Catherine Johnston 
15272,Agata Mason 
15273,Wilson Riley 
15274,Arthur Carter 
15275,Ryan Mitchell 
15276,Roman Wells 
15277,Vincent Gibson 
15278,Edith Harper 
15279,Jack Sullivan 
15280,William Edwards 
15281,Natalie Ferguson 
15282,Vanessa Richards 
15283,Jack Richardson 