User,Gender,Age,Address,Date joined
Amy Sullivan,Female,20, Westlake-OH-44145,2020/08/31
Paige Dixon,Female,43, Hicksville-NY-11801,2020/03/22
Valeria Hamilton,Female,54, Meriden-CT-6450,2020/05/28
Justin Robinson,Male,35, Auburn-NY-13021,2020/04/04
Frederick Barnes,Male,48, Ridgewood-NJ-7450,2020/05/12
Lydia Kelly,Female,38, Omaha-NE-68107,2020/04/17
Wilson Riley,Male,39, Newton-NJ-7860,2020/02/02
Arthur Reed,Male,32, Hobart-IN-46342,2020/08/01
Preston Nelson,Male,29, Long Beach-NY-11561,2020/01/25
Haris Watson,Male,29, Hamilton-OH-45011,2020/02/06
Sam Martin,Male,44, Ankeny-IA-50023,2020/04/08
Lucy Campbell,Female,24, Bolingbrook-IL-60440,2020/05/15
Adrian Wright,Male,54, Ashburn-VA-20147,2020/08/27
Chloe Smith,Female,40, Battle Ground-WA-98604,2020/04/30
William Owens,Male,20, Goshen-IN-46526,2020/07/10
Vivian Farrell,Female,42, Lincoln Park-MI-48146,2020/01/23
Brad Hamilton,Male,48, Crofton-MD-21114,2020/06/23
Rosie Adams,Female,48, New City-NY-10956,2020/01/22
Victoria Richardson,Female,47, Thibodaux-LA-70301,2020/03/12
Michael Sullivan,Male,52, Helena-MT-59601,2020/02/24
Andrew Douglas,Male,36, Staunton-VA-24401,2020/01/31
Ted Owens,Male,51, Shepherdsville-KY-40165,2020/02/29
Sawyer Andrews,Male,21, Frederick-MD-21701,2020/08/13
Heather Russell,Female,17, Chippewa Falls-WI-54729,2020/08/20
Edith Harper,Female,55, Ithaca-NY-14850,2020/03/28
Rosie Stevens,Female,42, Corpus Christi-TX-78418,2020/03/11
Jack Richardson,Male,23, Bridgeport-CT-6606,2020/07/08
Paul Casey,Male,48, Phillipsburg-NJ-8865,2020/07/07
Eddy Reed,Male,45, Elizabeth-NJ-7202,2020/02/06
Agata Mason,Female,27, Farmingdale-NY-11735,2020/05/25
Vincent Gibson,Male,34, Rolling Meadows-IL-60008,2020/06/02
Preston Stevens,Male,25, Pembroke Pines-FL-33028,2020/04/06
Vanessa Morris,Female,21, Davison-MI-48423,2020/06/17
Alfred Russell,Male,49, Summerfield-FL-34491,2020/07/08
Julian Wright,Male,31, Victoria-TX-77904,2020/08/17
William Edwards,Male,41, Summerville-SC-29483,2020/05/25
Ashton Anderson,Male,29, Council Bluffs-IA-51501,2020/08/11
Carlos Russell,Male,30, Alliance-OH-44601,2020/08/22
Catherine Johnston,Female,42, Chaska-MN-55318,2020/08/12
Grace Robinson,Female,53, Lake Mary-FL-32746,2020/01/15
Chester Dixon,Male,53, Middleton-WI-53562,2020/07/27
Sophia Hunt,Female,49, Kingston-NY-12401,2020/05/21
Isabella Johnston,Female,46, Union City-NJ-7087,2020/01/16
Amelia Warren,Female,22, Roy-UT-84067,2020/02/27
Aldus Moore,Male,55, Wooster-OH-44691,2020/03/16
Gianna Gibson,Female,42, Champaign-IL-61821,2020/07/31
Clark West,Male,50, Aberdeen-SD-57401,2020/03/21
Roman Wells,Male,36, Wantagh-NY-11793,2020/04/29
Vanessa Davis,Female,20, Colorado Springs-CO-80911,2020/05/05
Tara Anderson,Female,42, Pelham-AL-35124,2020/01/05
Tony Wilson,Male,25, Rocky Mount-NC-27804,2020/06/18
Oliver Sullivan,Male,55, Grovetown-GA-30813,2020/03/03
Eleanor Ryan,Female,25, Winchester-VA-22601,2020/08/26
Kate Thomas,Female,20, Woodstock-GA-30188,2020/03/15
Alexia Payne,Female,25, Buckeye-AZ-85326,2020/02/08
Kirsten Edwards,Female,20, Ocean Springs-MS-39564,2020/02/25
Natalie Perkins,Female,20, Ooltewah-TN-37363,2020/02/13
Ryan Mitchell,Male,38, Port Huron-MI-48060,2020/07/11
Ellia Turner,Female,33, Lemont-IL-60439,2020/06/02
Kate Mason,Female,22, Coram-NY-11727,2020/05/28
Richard Fowler,Male,37, Port Charlotte-FL-33952,2020/02/29
Audrey Stevens,Female,20, Shrewsbury-MA-1545,2020/02/03
Deanna Williams,Female,54, Indianapolis-IN-46201,2020/05/09
Daisy Harrison,Female,19, Newnan-GA-30263,2020/02/20
Harold Robinson,Male,29, Ottumwa-IA-52501,2020/02/12
Lucia Carroll,Female,25, Parlin-NJ-8859,2020/04/25
Bruce Harris,Male,45, Warren-MI-48089,2020/08/19
Arthur Carter,Male,37, Indian Trail-NC-28079,2020/02/03
Aldus Baker,Male,34, Paramus-NJ-7652,2020/06/24
Sabrina Holmes,Female,45, Blackwood-NJ-8012,2020/05/01
Haris Hamilton,Male,17, Hanover Park-IL-60133,2020/07/17
Jordan Edwards,Male,18, Barberton-OH-44203,2020/06/23
William Tucker,Male,37, Merrimack-NH-3054,2020/07/23
Miley Stevens,Female,37, Hope Mills-NC-28348,2020/05/17
Miller Brooks,Male,18, Lake Zurich-IL-60047,2020/02/29
Kimberly Morris,Female,23, Delray Beach-FL-33445,2020/02/16
Alisa Morgan,Female,25, Nottingham-MD-21236,2020/08/30
William Richardson,Male,17, Loxahatchee-FL-33470,2020/03/23
Vanessa Richards,Female,15, North Royalton-OH-44133,2020/03/19
Kevin Kelly,Male,55, Philadelphia-PA-19111,2020/03/20
Alissa Wells,Female,48, Attleboro-MA-2703,2020/05/13
Tiana Kelley,Female,16, Smyrna-GA-30080,2020/06/02
Victor Farrell,Male,45, Englishtown-NJ-7726,2020/01/16
Kelsey West,Female,35, Ellicott City-MD-21042,2020/05/23
Daisy Perkins,Female,47, Oxnard-CA-93035,2020/05/30
Chester Johnson,Male,53, Elgin-IL-60120,2020/01/10
Fiona Walker,Female,39, Eastpointe-MI-48021,2020/08/25
Samantha Hill,Female,44, Union-NJ-7083,2020/03/18
Jack Sullivan,Male,51, Allen Park-MI-48101,2020/06/04
Frederick Phillips,Male,21, Central Islip-NY-11722,2020/02/10
Frederick Armstrong,Male,36, Severna Park-MD-21146,2020/07/16
Kelsey Brown,Female,24, Goldsboro-NC-27530,2020/03/17
Kimberly Barnes,Female,49, Neptune-NJ-7753,2020/08/16
Carina Gibson,Female,29, Mays Landing-NJ-8330,2020/01/05
Naomi Morgan,Female,33, Hazleton-PA-18201,2020/06/12
Freddie Richards,Male,44, Cartersville-GA-30120,2020/04/19
Emma Wright,Female,45, Quincy-MA-2169,2020/02/02
Natalie Ferguson,Female,36, Chicago-IL-60621,2020/03/02
Briony Carter,Female,25, Ocoee-FL-34761,2020/07/02
Rosie Williams,Female,20, Brookline-MA-2446,2020/01/22